scenario,label,variant,aquatic_t,terrestrial_t,open_burning_t,total_leakage_t,final_year_total_leakage_t,leakage_avoided_vs_BAU_t,leakage_avoided_vs_BAU_Mt,required_investment_undiscounted_usd,required_investment_pv_3_5_usd,required_investment_pv_10_usd,required_investment_pv_3_5_Busd,required_investment_pv_10_Busd,investment_per_t_avoided_pv_3_5_usd,investment_per_t_avoided_pv_10_usd,net_total_npv_3_5_Busd,net_total_npv_10_Busd,net_cost_per_t_avoided_npv_3_5_usd,net_cost_per_t_avoided_npv_10_usd
BAU,Business-as-Usual,CENTRAL,12305989.070340866,10042779.481983121,25748301.531394053,48097070.08371804,3121756.7584933992,0.0,0.0,26552199705.295357,17216735290.048714,9137541930.201984,17.216735290048714,9.137541930201984,,,79.23073418193202,40.669405724483795,,
CDS,Collection & Disposal,CENTRAL,11653785.769982966,10131626.987208787,18276949.912793934,40062362.66998569,2608816.84147746,8034707.41373235,8.03470741373235,27469947825.01048,17755197607.835526,9371051279.48488,17.755197607835527,9.371051279484881,2209.8125909961086,1166.321409970517,77.9883561631087,39.73440591920323,9706.43386837168,4945.345719906616
RES,Recycling,CENTRAL,12967402.16621142,11503422.595922675,18956514.31444154,43427339.07657564,2742928.399773268,4669731.007142402,4.669731007142402,27258876096.7768,17628107132.90678,9313378992.277893,17.62810713290678,9.313378992277894,3774.9727138339244,1994.4144487194194,76.99148751504202,39.55546114962709,16487.349570517603,8470.60806910004
RSS,Reduce & Substitute,CENTRAL,8416505.43785281,5492528.966533013,17900940.453936838,31809974.858322654,1274148.1683282307,16287095.225395385,16.287095225395387,8759744948.532873,7037362907.218574,5010660318.904526,7.037362907218574,5.010660318904526,432.08213679783006,307.6460381401673,61.84728202458698,34.528255188639534,3797.31813246555,2119.976257939594
SCS,System Change,CENTRAL,6682924.037632539,4470426.050331863,16368263.288011447,27521613.37597585,808419.5170072786,20575456.707742188,20.575456707742187,8994257581.66707,7154363700.355577,5046979573.669936,7.154363700355577,5.046979573669936,347.71348223164904,245.29125381556392,60.90015380813143,34.181197321427064,2959.8445698274954,1661.260685823089
